{
    "start": {
        "connected": [
            {
                "socket": 5,
                "local_host": "10.0.7.10",
                "local_port": 42139,
                "remote_host": "10.0.5.10",
                "remote_port": 5201
            }
        ],
        "version": "iperf 3.7",
        "system_info": "Linux PC2 5.11.0-37-generic #41~20.04.2-Ubuntu SMP Fri Sep 24 09:06:38 UTC 2021 x86_64",
        "timestamp": {
            "time": "Sun, 24 Nov 2024 01:48:04 GMT",
            "timesecs": 1732412884
        },
        "connecting_to": {
            "host": "10.0.5.10",
            "port": 5201
        },
        "cookie": "7nybqhnx4lqe4lqc7bpeskzf6jr4ngvzfyy3",
        "sock_bufsize": 0,
        "sndbuf_actual": 212992,
        "rcvbuf_actual": 212992,
        "test_start": {
            "protocol": "UDP",
            "num_streams": 1,
            "blksize": 1448,
            "omit": 0,
            "duration": 10,
            "bytes": 0,
            "blocks": 0,
            "reverse": 0,
            "tos": 0
        }
    },
    "intervals": [
        {
            "streams": [
                {
                    "socket": 5,
                    "start": 0,
                    "end": 1.000878,
                    "seconds": 1.0008779764175415,
                    "bytes": 131768,
                    "bits_per_second": 1053219.2982935987,
                    "packets": 91,
                    "omitted": false,
                    "sender": true
                }
            ],
            "sum": {
                "start": 0,
                "end": 1.000878,
                "seconds": 1.0008779764175415,
                "bytes": 131768,
                "bits_per_second": 1053219.2982935987,
                "packets": 91,
                "omitted": false,
                "sender": true
            }
        },
        {
            "streams": [
                {
                    "socket": 5,
                    "start": 1.000878,
                    "end": 2.000322,
                    "seconds": 0.9994440078735352,
                    "bytes": 130320,
                    "bits_per_second": 1043139.9776143543,
                    "packets": 90,
                    "omitted": false,
                    "sender": true
                }
            ],
            "sum": {
                "start": 1.000878,
                "end": 2.000322,
                "seconds": 0.9994440078735352,
                "bytes": 130320,
                "bits_per_second": 1043139.9776143543,
                "packets": 90,
                "omitted": false,
                "sender": true
            }
        },
        {
            "streams": [
                {
                    "socket": 5,
                    "start": 2.000322,
                    "end": 3.000187,
                    "seconds": 0.9998649954795837,
                    "bytes": 131768,
                    "bits_per_second": 1054286.333420825,
                    "packets": 91,
                    "omitted": false,
                    "sender": true
                }
            ],
            "sum": {
                "start": 2.000322,
                "end": 3.000187,
                "seconds": 0.9998649954795837,
                "bytes": 131768,
                "bits_per_second": 1054286.333420825,
                "packets": 91,
                "omitted": false,
                "sender": true
            }
        },
        {
            "streams": [
                {
                    "socket": 5,
                    "start": 3.000187,
                    "end": 4.000235,
                    "seconds": 1.000048041343689,
                    "bytes": 131768,
                    "bits_per_second": 1054093.359938615,
                    "packets": 91,
                    "omitted": false,
                    "sender": true
                }
            ],
            "sum": {
                "start": 3.000187,
                "end": 4.000235,
                "seconds": 1.000048041343689,
                "bytes": 131768,
                "bits_per_second": 1054093.359938615,
                "packets": 91,
                "omitted": false,
                "sender": true
            }
        },
        {
            "streams": [
                {
                    "socket": 5,
                    "start": 4.000235,
                    "end": 5.000494,
                    "seconds": 1.0002590417861938,
                    "bytes": 130320,
                    "bits_per_second": 1042290.0033358039,
                    "packets": 90,
                    "omitted": false,
                    "sender": true
                }
            ],
            "sum": {
                "start": 4.000235,
                "end": 5.000494,
                "seconds": 1.0002590417861938,
                "bytes": 130320,
                "bits_per_second": 1042290.0033358039,
                "packets": 90,
                "omitted": false,
                "sender": true
            }
        },
        {
            "streams": [
                {
                    "socket": 5,
                    "start": 5.000494,
                    "end": 6.000073,
                    "seconds": 0.9995790123939514,
                    "bytes": 131768,
                    "bits_per_second": 1054587.9684642113,
                    "packets": 91,
                    "omitted": false,
                    "sender": true
                }
            ],
            "sum": {
                "start": 5.000494,
                "end": 6.000073,
                "seconds": 0.9995790123939514,
                "bytes": 131768,
                "bits_per_second": 1054587.9684642113,
                "packets": 91,
                "omitted": false,
                "sender": true
            }
        },
        {
            "streams": [
                {
                    "socket": 5,
                    "start": 6.000073,
                    "end": 7.000362,
                    "seconds": 1.000288963317871,
                    "bytes": 130320,
                    "bits_per_second": 1042258.8254317228,
                    "packets": 90,
                    "omitted": false,
                    "sender": true
                }
            ],
            "sum": {
                "start": 6.000073,
                "end": 7.000362,
                "seconds": 1.000288963317871,
                "bytes": 130320,
                "bits_per_second": 1042258.8254317228,
                "packets": 90,
                "omitted": false,
                "sender": true
            }
        },
        {
            "streams": [
                {
                    "socket": 5,
                    "start": 7.000362,
                    "end": 8.000457,
                    "seconds": 1.000095009803772,
                    "bytes": 131768,
                    "bits_per_second": 1054043.8555001218,
                    "packets": 91,
                    "omitted": false,
                    "sender": true
                }
            ],
            "sum": {
                "start": 7.000362,
                "end": 8.000457,
                "seconds": 1.000095009803772,
                "bytes": 131768,
                "bits_per_second": 1054043.8555001218,
                "packets": 91,
                "omitted": false,
                "sender": true
            }
        },
        {
            "streams": [
                {
                    "socket": 5,
                    "start": 8.000457,
                    "end": 9.000252,
                    "seconds": 0.9997950196266174,
                    "bytes": 130320,
                    "bits_per_second": 1042773.7481522498,
                    "packets": 90,
                    "omitted": false,
                    "sender": true
                }
            ],
            "sum": {
                "start": 8.000457,
                "end": 9.000252,
                "seconds": 0.9997950196266174,